Images,Price,PreviousPrice,Description,MarketplaceLink
"https://scontent-den2-1.xx.fbcdn.net/v/t45.5328-4/562947351_1188350373124569_8263401769421903699_n.jpg?stp=c258.0.540.540a_dst-jpg_p180x540_tt6&_nc_cat=101&ccb=1-7&_nc_sid=247b10&_nc_ohc=yq6eCpEea3EQ7kNvwFH9yho&_nc_oc=Adl66SnegjcPtv54JT062aeQqhsmtXBeaOoyYp-QgYgA7twkWojosOp6YNuij7l_P3fGGSvAW54DFHr6CRThtBJs&_nc_zt=23&_nc_ht=scontent-den2-1.xx&_nc_gid=GeiG6eWk8xnfbu42QYLZBQ&oh=00_AfdiiSHPVopjE_z8Rk6f78FXYFlKpVOyof25lqqakoMhqQ&oe=68FB21B2","1200","1800","Maple kitchen cabinets","https://marketplace/item/1314652606828264/?ref=marketplace_profile&referral_code=undefined&__tn__=!%3AD"
"https://scontent-den2-1.xx.fbcdn.net/v/t45.5328-4/562389424_1853159732285001_4002314548317135596_n.jpg?stp=c0.204.526.526a_dst-jpg_p526x395_tt6&_nc_cat=109&ccb=1-7&_nc_sid=247b10&_nc_ohc=LqZuwE9kRPYQ7kNvwHIhrpq&_nc_oc=Adle1lhFh-reJYqLzoV8UsLpJ-OXrlzWbMs2Fw_w2PFRGtylbt0OpDbQw4s6Z8_tUjf8ykD8nbIqRA6LVvebmBzp&_nc_zt=23&_nc_ht=scontent-den2-1.xx&_nc_gid=DnN_Zp_E0c1sWH_E4VPCcg&oh=00_Affbh1yvDAghAOg9lyXXGlfib4EMgH79vR1f9UNcxGvq-A&oe=68FB13BA","800","900","Grey cabinets","https://marketplace/item/24671676949164245/?ref=marketplace_profile&referral_code=undefined&__tn__=!%3AD"
"https://scontent-den2-1.xx.fbcdn.net/v/t45.5328-4/560576753_25192901093667922_2526986799728461983_n.jpg?stp=c0.204.526.526a_dst-jpg_p526x395_tt6&_nc_cat=104&ccb=1-7&_nc_sid=247b10&_nc_ohc=rqwR8JVA2RQQ7kNvwGCp6mT&_nc_oc=AdnWNX6ka4RXi69B9alNxz0vQSgRnp30a2YDydomT3j6LheXvuOuCCuAttqYUm27arc5POkn8DPP2597u17CWHVH&_nc_zt=23&_nc_ht=scontent-den2-1.xx&_nc_gid=pcDlIe1WzzKak7ZXJJym-Q&oh=00_AfdUvx_rEtdGw90Pk3sA7GZfMS5GCHquk6eXU5qcutzukw&oe=68FB17A4","300","450","Vanity, nook, cabinets 63"" white set","https://marketplace/item/699823053143708/?ref=marketplace_profile&referral_code=undefined&__tn__=!%3AD"
"https://scontent-den2-1.xx.fbcdn.net/v/t45.5328-4/559716697_777239108400825_8633665131776535925_n.jpg?stp=c0.86.526.526a_dst-jpg_p526x395_tt6&_nc_cat=101&ccb=1-7&_nc_sid=247b10&_nc_ohc=gL6vBJOeZl4Q7kNvwEVuJ-W&_nc_oc=AdnmnWjlafizADmNjPhmZ7q1S00WeaAWqGO8SFLU7_WV72WaCmw1s3aqYu6Mlxk0bjkvdv5wvNNRXCzjWgfjLetM&_nc_zt=23&_nc_ht=scontent-den2-1.xx&_nc_gid=GeiG6eWk8xnfbu42QYLZBQ&oh=00_Afd6SMCQxFIeTx8_YsG4zhG-stJ7lEBBLZ2ny7vbu8TFfg&oe=68FB1C2A","6500","9000","Beautiful modern white kitchen.Includes all appliances and countertops.","https://marketplace/item/789140477192500/?ref=marketplace_profile&referral_code=undefined&__tn__=!%3AD"
"https://scontent-den2-1.xx.fbcdn.net/v/t45.5328-4/557419456_2400057913780805_4178424348268094401_n.jpg?stp=c0.2.526.526a_dst-jpg_p526x395_tt6&_nc_cat=108&ccb=1-7&_nc_sid=247b10&_nc_ohc=HJKT1r4u_WgQ7kNvwHCZ5Ox&_nc_oc=Adm1cWbTj4ZsQJQpdys-xNq2REdfyof7-PaEihKdKz6HTo0smKkvtmhA7kN9qXOkMg8ZC3VN1zjwDjDX2Q5atTau&_nc_zt=23&_nc_ht=scontent-den2-1.xx&_nc_gid=GeiG6eWk8xnfbu42QYLZBQ&oh=00_AfcwFlYfZ70EX0ANx4X4BX0vhUOaFmov9t9f-nD4QzSzZA&oe=68FB2F24","300","500","Luxury single sink Bathroom vanity 72""","https://marketplace/item/1882671172646847/?ref=marketplace_profile&referral_code=undefined&__tn__=!%3AD"
"https://scontent-den2-1.xx.fbcdn.net/v/t45.5328-4/556503932_24899191726386780_6236607891066902121_n.jpg?stp=c0.322.526.526a_dst-jpg_p526x395_tt6&_nc_cat=105&ccb=1-7&_nc_sid=247b10&_nc_ohc=G4zImeQ7NbgQ7kNvwFibVgx&_nc_oc=Adl2u65UFCzbi5jsADjdttTtpSG1Ae7x3D6A4Xqdrlp7x-m9eeQ3ncM0fx7S6ljr3wDyT3Yz2yVS0wdXG7TYfixz&_nc_zt=23&_nc_ht=scontent-den2-1.xx&_nc_gid=pcDlIe1WzzKak7ZXJJym-Q&oh=00_AffnUU6IshfK3kKz18ppTj7ypkUPYvRBGt0M_bh8rMx7tg&oe=68FB2BE4","50","100","Pedestal sinks/ Bathroom vanities","https://marketplace/item/1654158122656776/?ref=marketplace_profile&referral_code=undefined&__tn__=!%3AD"
"https://scontent-den2-1.xx.fbcdn.net/v/t45.5328-4/559569775_2048257549247704_2396781433613766548_n.jpg?stp=c254.0.540.540a_dst-jpg_p180x540_tt6&_nc_cat=111&ccb=1-7&_nc_sid=247b10&_nc_ohc=622HlQd_likQ7kNvwFnbQvb&_nc_oc=AdnAaG0uoJsAL922-gYN42EZv1zWdznSSA46cfhm8Wo6GbYQ5-qHFY6aGepxU0Zb8fyDuTlwM2WO0MD18qHorWzI&_nc_zt=23&_nc_ht=scontent-den2-1.xx&_nc_gid=pcDlIe1WzzKak7ZXJJym-Q&oh=00_AfeRG3d0fcmJthaoOK4VPlVNiAtGRN6_NVS5p6T4EsVBUg&oe=68FB0852","250","","60"" double vanity (cabinets and sink only)","https://marketplace/item/783941307852221/?ref=marketplace_profile&referral_code=undefined&__tn__=!%3AD"
"https://scontent-den2-1.xx.fbcdn.net/v/t45.5328-4/557744964_1151715150167424_2933609656288379290_n.jpg?stp=c0.86.526.526a_dst-jpg_p526x395_tt6&_nc_cat=102&ccb=1-7&_nc_sid=247b10&_nc_ohc=wq4vVWmByvUQ7kNvwE1mYKP&_nc_oc=AdkQ7lv5ztm0_RWSfoWBTDCGDCK5eKQek3zFU13U_I33XEqV46-nHmV5mmgEAxbGLK1y6Mkzt5D1oSoEvU7ff5UM&_nc_zt=23&_nc_ht=scontent-den2-1.xx&_nc_gid=pcDlIe1WzzKak7ZXJJym-Q&oh=00_Afck-ddj4F_-1i8az_juQNSVNXkJtLCPWfpyd0ajK4NjLw&oe=68FB055A","325","","52"" single sink bathroom vanities","https://marketplace/item/1740888393206893/?ref=marketplace_profile&referral_code=undefined&__tn__=!%3AD"
"https://scontent-den2-1.xx.fbcdn.net/v/t45.5328-4/554964343_1521971162495766_479698695840999420_n.jpg?stp=c0.86.526.526a_dst-jpg_p526x395_tt6&_nc_cat=102&ccb=1-7&_nc_sid=247b10&_nc_ohc=i4kXUuEIXTMQ7kNvwHrS9Xu&_nc_oc=AdkPsQQ0_y4OG8eLJPXehdqQBhaYRRGOWFpfsnaVR_i_W8dlJzEdTqV7T5QVYW3xWNariKOwfCj8P0Jdd3EFH5GG&_nc_zt=23&_nc_ht=scontent-den2-1.xx&_nc_gid=GeiG6eWk8xnfbu42QYLZBQ&oh=00_AfcR_e3luGLPcRWMmzQ8Ww5w0X5RQohgl8CEoSP_XB_ptw&oe=68FB0AA4","4500","6400","Beautiful luxury kitchen. Cabinets, granite, sink and faucet.","https://marketplace/item/1073024841360941/?ref=marketplace_profile&referral_code=undefined&__tn__=!%3AD"
"https://scontent-den2-1.xx.fbcdn.net/v/t45.5328-4/548804252_24612918705008797_1817447191967210375_n.jpg?stp=c0.204.526.526a_dst-jpg_p526x395_tt6&_nc_cat=110&ccb=1-7&_nc_sid=247b10&_nc_ohc=ymFtX-jgK2kQ7kNvwGu3wX5&_nc_oc=AdkgaMCSiEZlRrU-e7pog3RH3KqAeg260F3wIdG0CQUl8939CaiOV5hZ__OPVfUNOARRUliK-rRLiXk6xGvUYre3&_nc_zt=23&_nc_ht=scontent-den2-1.xx&_nc_gid=pcDlIe1WzzKak7ZXJJym-Q&oh=00_AfctZXPEnWpkTr8LTxOqkppruUiQGfvomMWE86Fcw4IIyw&oe=68FB33B9","250","300","French entrance doors","https://marketplace/item/1126764566240026/?ref=marketplace_profile&referral_code=undefined&__tn__=!%3AD"
"https://scontent-den2-1.xx.fbcdn.net/v/t45.5328-4/531872057_1402643927491290_5444510697109880206_n.jpg?stp=c88.0.540.540a_dst-jpg_p180x540_tt6&_nc_cat=107&ccb=1-7&_nc_sid=247b10&_nc_ohc=DLQgNgUssfIQ7kNvwHrMl0L&_nc_oc=AdnDUmRpChWkDPLrVJoIIxCL5PkxFlI-gKKbwl8g5eoos48hXHw0fSpl8ziGe-wYHovHBjSTA1YNVD285h6QZ4pz&_nc_zt=23&_nc_ht=scontent-den2-1.xx&_nc_gid=GeiG6eWk8xnfbu42QYLZBQ&oh=00_AfeY1Ni0Z6ezTGXHrLS5TaTxwOoHMMMO6CgXLuoqn49NcQ&oe=68FB236A","50","125","Vanity 63""","https://marketplace/item/1552444169443039/?ref=marketplace_profile&referral_code=undefined&__tn__=!%3AD"
"https://scontent-den2-1.xx.fbcdn.net/v/t45.5328-4/524776469_951334633785151_7983183905416866776_n.jpg?stp=c0.259.526.526a_dst-jpg_p526x395_tt6&_nc_cat=109&ccb=1-7&_nc_sid=247b10&_nc_ohc=vpKSAVVCwuAQ7kNvwHTmQbi&_nc_oc=AdkSZTRPDy2IbwJBeqoQmPBJhX6OcIL162dCR0j4CHUzkYYpNKlJrawewOCO3XOdpAheDTbziYMxgaCBTKHVRy-Y&_nc_zt=23&_nc_ht=scontent-den2-1.xx&_nc_gid=CjnqBZn0a1yqvp8c1fwIQQ&oh=00_AfefOi9DPCw_b7KhxqKCWN14UZdrA1I8GM5mc8Qnxq-sDA&oe=68FB2A80","150","","Antique secretary desk / cabinet","https://marketplace/item/1096586462249056/?ref=marketplace_profile&referral_code=undefined&__tn__=!%3AD"
"https://scontent-den2-1.xx.fbcdn.net/v/t45.5328-4/556416452_1078486177817018_8023333807876144519_n.jpg?stp=c0.52.526.526a_dst-jpg_p526x395_tt6&_nc_cat=105&ccb=1-7&_nc_sid=247b10&_nc_ohc=JRlbkxpZk4AQ7kNvwGayt5-&_nc_oc=Adn2a6xpnCfIbJD2er35dmcpYxeDDWAR3JBq-ns1NG3dMAWsRzhYiB1-u9AEXgG0A8vdPkUN9YUOGtE9IpOMDAIg&_nc_zt=23&_nc_ht=scontent-den2-1.xx&_nc_gid=uF4ScbNyZwA6RoK6VdMzTg&oh=00_AfcSj5eZ1CCQqVVBDhLG4Qe-uaxjrL8ZKgXgFcWG-JKl_Q&oe=68FB32F0","50","","Ethan Allen desk and dresser / bookcase","https://marketplace/item/759392956944185/?ref=marketplace_profile&referral_code=undefined&__tn__=!%3AD"
"https://scontent-den2-1.xx.fbcdn.net/v/t45.5328-4/524832392_1649739655689036_4373278407407821569_n.jpg?stp=c0.86.526.526a_dst-jpg_p526x395_tt6&_nc_cat=110&ccb=1-7&_nc_sid=247b10&_nc_ohc=g-sq4QJq34YQ7kNvwHyC-El&_nc_oc=AdlQKy7SMSqPjhg0jLbGNC1XaHDEEmx5QcwFFDOb5NahJq4Eg3ug3Zf5eBXHxxAY_r2jyEOjhinePglM89lhjryr&_nc_zt=23&_nc_ht=scontent-den2-1.xx&_nc_gid=CjnqBZn0a1yqvp8c1fwIQQ&oh=00_Afd2G7tc-5hLDhzggFUSky-nn0l6C4gn4U_3RZGShrJr2A&oe=68FB2496","75","","China hutch cabinet.","https://marketplace/item/1500737584596183/?ref=marketplace_profile&referral_code=undefined&__tn__=!%3AD"
"https://scontent-den2-1.xx.fbcdn.net/v/t45.5328-4/523948062_730227293204628_4876480433787249820_n.jpg?stp=c88.0.540.540a_dst-jpg_p180x540_tt6&_nc_cat=105&ccb=1-7&_nc_sid=247b10&_nc_ohc=CqRyb0uQmdMQ7kNvwH1m_7X&_nc_oc=Adlddqk4vajJ-NYJ3OXG5DhEba7mxDiysGf-KJNGJN0jMtNnOpEd7L5VuHwqcoSz9JkA5NcKIku83y8IQkwXTOVv&_nc_zt=23&_nc_ht=scontent-den2-1.xx&_nc_gid=uF4ScbNyZwA6RoK6VdMzTg&oh=00_AfcKmfSZBwsgAV_CMz8KAESTVjZqMkFwyQL1ZVO66rPYCw&oe=68FAFD1B","50","","Red couch","https://marketplace/item/1089247386714201/?ref=marketplace_profile&referral_code=undefined&__tn__=!%3AD"
"https://scontent-den2-1.xx.fbcdn.net/v/t45.5328-4/516810995_1461798561660777_1921382009911842154_n.jpg?stp=c90.0.540.540a_dst-jpg_p180x540_tt6&_nc_cat=106&ccb=1-7&_nc_sid=247b10&_nc_ohc=_QNFSaPSmiQQ7kNvwG1neNH&_nc_oc=Adm30Q29tpag75I-n2q7xFtLyRzlRuaQXEBxUDgraJiaJ4P3xz0_ffjguxzkR8FeXptRc9AnPEyZXmlvlB_PpKxn&_nc_zt=23&_nc_ht=scontent-den2-1.xx&_nc_gid=uF4ScbNyZwA6RoK6VdMzTg&oh=00_AfebYwv5nRjWBKFs4YOO96FonrcDSzdXNUnXwKDEYyUzJg&oe=68FB0CFD","25","","Solar panels / multiple sizes","https://marketplace/item/1839867146567053/?ref=marketplace_profile&referral_code=undefined&__tn__=!%3AD"
