Handle,Title,Body (HTML),Vendor,Product Category,Type,Tags,Published,Option1 Name,Option1 Value,Option2 Name,Option2 Value,Option3 Name,Option3 Value,Variant SKU,Variant Grams,Variant Inventory Tracker,Variant Inventory Qty,Variant Inventory Policy,Variant Fulfillment Service,Variant Price,Variant Compare At Price,Variant Requires Shipping,Variant Taxable,Variant Barcode,Image Src,Image Position,Image Alt Text,Gift Card,SEO Title,SEO Description,Google Shopping / Google Product Category,Google Shopping / Gender,Google Shopping / Age Group,Google Shopping / MPN,Google Shopping / Condition,Google Shopping / Custom Product,Variant Image,Variant Weight Unit,Variant Tax Code,Cost per item,Included / United States,Price / United States,Compare At Price / United States,Included / International,Price / International,Compare At Price / International,Status
oak-kitchen-cabinets-with-dishwasher-and-sink-in-kersey-co,"Oak kitchen cabinets with dishwasher and sink in Kersey, CO","<p>Oak kitchen cabinets with dishwasher and sink</p><p>Original Facebook Marketplace Listing: <a href=""https://www.facebook.com/marketplace/item/698321396223308/?ref=marketplace_profile&referral_code=undefined&__tn__=!%3AD"">https://www.facebook.com/marketplace/item/698321396223308/?ref=marketplace_profile&referral_code=undefined&__tn__=!%3AD</a></p><p>Location: Kersey, CO</p>",Facebook Marketplace,,,"marketplace, kersey,-co",TRUE,Title,"Oak kitchen cabinets with dishwasher and sink in Kersey, CO",,,,,,0,shopify,1,deny,manual,600.00,,TRUE,FALSE,,https://scontent-den2-1.xx.fbcdn.net/v/t39.84726-6/576603674_1599887211420744_1557148955390329021_n.jpg?stp=c0.87.526.526a_dst-jpg_p526x395_tt6&_nc_cat=100&ccb=1-7&_nc_sid=92e707&_nc_ohc=X55D4yWm4z8Q7kNvwHz3-aF&_nc_oc=AdmoPp9gqB0NbdXz5H-ifkZC8lts4TFuEd0QSaqPfYHbu6dPqIPKlJ16m0y_6kiV8un6nRHIZ0Z946aLR9NI8R7Y&_nc_zt=14&_nc_ht=scontent-den2-1.xx&_nc_gid=MB4NUlqYv0FnR9ZKJg1IKw&oh=00_Afi3xB6GrmpNhuSJ4T-Dl7msNWG6lsxW9XY4p6u1xa3CZg&oe=690EB3C3,1,"Oak kitchen cabinets with dishwasher and sink in Kersey, CO",FALSE,"Oak kitchen cabinets with dishwasher and sink in Kersey, CO",Oak kitchen cabinets with dishwasher and sink,,,,,used,,https://scontent-den2-1.xx.fbcdn.net/v/t39.84726-6/576603674_1599887211420744_1557148955390329021_n.jpg?stp=c0.87.526.526a_dst-jpg_p526x395_tt6&_nc_cat=100&ccb=1-7&_nc_sid=92e707&_nc_ohc=X55D4yWm4z8Q7kNvwHz3-aF&_nc_oc=AdmoPp9gqB0NbdXz5H-ifkZC8lts4TFuEd0QSaqPfYHbu6dPqIPKlJ16m0y_6kiV8un6nRHIZ0Z946aLR9NI8R7Y&_nc_zt=14&_nc_ht=scontent-den2-1.xx&_nc_gid=MB4NUlqYv0FnR9ZKJg1IKw&oh=00_Afi3xB6GrmpNhuSJ4T-Dl7msNWG6lsxW9XY4p6u1xa3CZg&oe=690EB3C3,kg,,,TRUE,600.00,,TRUE,600.00,,active
complete-home-table-and-chairs-set-dining-and-living-rooms-in-kersey-co,"Complete home table and chairs set. Dining and living rooms in Kersey, CO","<p>Complete home table and chairs set. Dining and living rooms</p><p>Original Facebook Marketplace Listing: <a href=""https://www.facebook.com/marketplace/item/1355765865932530/?ref=marketplace_profile&referral_code=undefined&__tn__=!%3AD"">https://www.facebook.com/marketplace/item/1355765865932530/?ref=marketplace_profile&referral_code=undefined&__tn__=!%3AD</a></p><p>Location: Kersey, CO</p>",Facebook Marketplace,,,"marketplace, kersey,-co",TRUE,Title,"Complete home table and chairs set. Dining and living rooms in Kersey, CO",,,,,,0,shopify,1,deny,manual,300.00,450.00,TRUE,FALSE,,https://scontent-den2-1.xx.fbcdn.net/v/t39.84726-6/576505270_1516161506098127_4545508596896168403_n.jpg?stp=c90.0.540.540a_dst-jpg_p180x540_tt6&_nc_cat=108&ccb=1-7&_nc_sid=92e707&_nc_ohc=Dz4XsptMsu8Q7kNvwELKnVc&_nc_oc=Adl0qk6oJ2uPzEW0e6rgoT5tUrkyWIkv1LtN_T-TqWBpjKPBAqEJ1LjXo_ucHWRBBAKeYOWraPNlMvv1dAPEHJxN&_nc_zt=14&_nc_ht=scontent-den2-1.xx&_nc_gid=MB4NUlqYv0FnR9ZKJg1IKw&oh=00_AfgiCJJ7lzNkW2swnfwb_rJ_g5Nk7ZZKLgu-EWBDr3Mm1Q&oe=690EC153,1,"Complete home table and chairs set. Dining and living rooms in Kersey, CO",FALSE,"Complete home table and chairs set. Dining and living rooms in Kersey, CO",Complete home table and chairs set. Dining and living rooms,,,,,used,,https://scontent-den2-1.xx.fbcdn.net/v/t39.84726-6/576505270_1516161506098127_4545508596896168403_n.jpg?stp=c90.0.540.540a_dst-jpg_p180x540_tt6&_nc_cat=108&ccb=1-7&_nc_sid=92e707&_nc_ohc=Dz4XsptMsu8Q7kNvwELKnVc&_nc_oc=Adl0qk6oJ2uPzEW0e6rgoT5tUrkyWIkv1LtN_T-TqWBpjKPBAqEJ1LjXo_ucHWRBBAKeYOWraPNlMvv1dAPEHJxN&_nc_zt=14&_nc_ht=scontent-den2-1.xx&_nc_gid=MB4NUlqYv0FnR9ZKJg1IKw&oh=00_AfgiCJJ7lzNkW2swnfwb_rJ_g5Nk7ZZKLgu-EWBDr3Mm1Q&oe=690EC153,kg,,,TRUE,300.00,450.00,TRUE,300.00,450.00,active
camro-glassware-racks-in-briggsdale-colorado,"Camro glassware racks in Briggsdale, Colorado","<p>Camro glassware racks</p><p>Original Facebook Marketplace Listing: <a href=""https://www.facebook.com/marketplace/item/2071685210327802/?ref=marketplace_profile&referral_code=undefined&__tn__=!%3AD"">https://www.facebook.com/marketplace/item/2071685210327802/?ref=marketplace_profile&referral_code=undefined&__tn__=!%3AD</a></p><p>Location: Briggsdale, Colorado</p>",Facebook Marketplace,,,"marketplace, briggsdale,-colorado",TRUE,Title,"Camro glassware racks in Briggsdale, Colorado",,,,,,0,shopify,1,deny,manual,20.00,,TRUE,FALSE,,https://scontent-den2-1.xx.fbcdn.net/v/t39.84726-6/575106801_756963190696423_4581260606670740369_n.jpg?stp=c0.322.526.526a_dst-jpg_p526x395_tt6&_nc_cat=100&ccb=1-7&_nc_sid=92e707&_nc_ohc=s5K7qEh1d9sQ7kNvwH9kR5O&_nc_oc=AdlQSRejKSe-r7ouEWBu-iQ3qeQ5Ue8gcZL3i5ozWxK3Hoh1dNHso3u9VwBCgeaHw7G-OKdBfWT2SL6DrkiFlaCS&_nc_zt=14&_nc_ht=scontent-den2-1.xx&_nc_gid=MB4NUlqYv0FnR9ZKJg1IKw&oh=00_AfjDpCSggO97tt_lq4sB77cHIZsN8b8YMunKdRYOnDiM_A&oe=690EA103,1,"Camro glassware racks in Briggsdale, Colorado",FALSE,"Camro glassware racks in Briggsdale, Colorado",Camro glassware racks,,,,,used,,https://scontent-den2-1.xx.fbcdn.net/v/t39.84726-6/575106801_756963190696423_4581260606670740369_n.jpg?stp=c0.322.526.526a_dst-jpg_p526x395_tt6&_nc_cat=100&ccb=1-7&_nc_sid=92e707&_nc_ohc=s5K7qEh1d9sQ7kNvwH9kR5O&_nc_oc=AdlQSRejKSe-r7ouEWBu-iQ3qeQ5Ue8gcZL3i5ozWxK3Hoh1dNHso3u9VwBCgeaHw7G-OKdBfWT2SL6DrkiFlaCS&_nc_zt=14&_nc_ht=scontent-den2-1.xx&_nc_gid=MB4NUlqYv0FnR9ZKJg1IKw&oh=00_AfjDpCSggO97tt_lq4sB77cHIZsN8b8YMunKdRYOnDiM_A&oe=690EA103,kg,,,TRUE,20.00,,TRUE,20.00,,active
queen-mattress-and-box-spring-in-briggsdale-colorado,"Queen mattress and box spring in Briggsdale, Colorado","<p>Queen mattress and box spring</p><p>Original Facebook Marketplace Listing: <a href=""https://www.facebook.com/marketplace/item/1888352181716677/?ref=marketplace_profile&referral_code=undefined&__tn__=!%3AD"">https://www.facebook.com/marketplace/item/1888352181716677/?ref=marketplace_profile&referral_code=undefined&__tn__=!%3AD</a></p><p>Location: Briggsdale, Colorado</p>",Facebook Marketplace,,,"marketplace, briggsdale,-colorado",TRUE,Title,"Queen mattress and box spring in Briggsdale, Colorado",,,,,,0,shopify,1,deny,manual,100.00,,TRUE,FALSE,,https://scontent-den2-1.xx.fbcdn.net/v/t39.84726-6/574354957_1403195174561097_6989110619792468098_n.jpg?stp=c0.86.526.526a_dst-jpg_p526x395_tt6&_nc_cat=106&ccb=1-7&_nc_sid=92e707&_nc_ohc=aRBfW96ILu4Q7kNvwGrU9oH&_nc_oc=AdkO3yNJRXR1JwBo5VthT3vh7w14hbHbwZEjfvjOWJo-Ay73vF0moCbsKLCRx_DI5rj9SSv0z5E5bKe8-CiJauPv&_nc_zt=14&_nc_ht=scontent-den2-1.xx&_nc_gid=MB4NUlqYv0FnR9ZKJg1IKw&oh=00_AfjoILUIEoemnc5Bnmt1dSWYlv6n2xeTXjozO6nUlcAHkg&oe=690EB73F,1,"Queen mattress and box spring in Briggsdale, Colorado",FALSE,"Queen mattress and box spring in Briggsdale, Colorado",Queen mattress and box spring,,,,,used,,https://scontent-den2-1.xx.fbcdn.net/v/t39.84726-6/574354957_1403195174561097_6989110619792468098_n.jpg?stp=c0.86.526.526a_dst-jpg_p526x395_tt6&_nc_cat=106&ccb=1-7&_nc_sid=92e707&_nc_ohc=aRBfW96ILu4Q7kNvwGrU9oH&_nc_oc=AdkO3yNJRXR1JwBo5VthT3vh7w14hbHbwZEjfvjOWJo-Ay73vF0moCbsKLCRx_DI5rj9SSv0z5E5bKe8-CiJauPv&_nc_zt=14&_nc_ht=scontent-den2-1.xx&_nc_gid=MB4NUlqYv0FnR9ZKJg1IKw&oh=00_AfjoILUIEoemnc5Bnmt1dSWYlv6n2xeTXjozO6nUlcAHkg&oe=690EB73F,kg,,,TRUE,100.00,,TRUE,100.00,,active
couch-and-recliner-set-in-kersey-co,"Couch and recliner set in Kersey, CO","<p>Couch and recliner set</p><p>Original Facebook Marketplace Listing: <a href=""https://www.facebook.com/marketplace/item/1183735647047507/?ref=marketplace_profile&referral_code=undefined&__tn__=!%3AD"">https://www.facebook.com/marketplace/item/1183735647047507/?ref=marketplace_profile&referral_code=undefined&__tn__=!%3AD</a></p><p>Location: Kersey, CO</p>",Facebook Marketplace,,,"marketplace, kersey,-co",TRUE,Title,"Couch and recliner set in Kersey, CO",,,,,,0,shopify,1,deny,manual,150.00,250.00,TRUE,FALSE,,https://scontent-den2-1.xx.fbcdn.net/v/t39.84726-6/572997703_693945533762930_1313857166077923704_n.jpg?stp=c90.0.540.540a_dst-jpg_p180x540_tt6&_nc_cat=100&ccb=1-7&_nc_sid=92e707&_nc_ohc=wMIFwjqugLkQ7kNvwGzyswR&_nc_oc=AdnhZNvEfb-asIyJNSaw7CT-XQUoq6qIYb3SzmA4_7s_cZaxcQ0coFx9AktSUFIKPz0aFZrRC8i0eg9dXhbZBpwf&_nc_zt=14&_nc_ht=scontent-den2-1.xx&_nc_gid=MB4NUlqYv0FnR9ZKJg1IKw&oh=00_AfiWuoYUdq8mpovt0C9aM4n692mZcOx7nccg5JaZBlScOg&oe=690EBC26,1,"Couch and recliner set in Kersey, CO",FALSE,"Couch and recliner set in Kersey, CO",Couch and recliner set,,,,,used,,https://scontent-den2-1.xx.fbcdn.net/v/t39.84726-6/572997703_693945533762930_1313857166077923704_n.jpg?stp=c90.0.540.540a_dst-jpg_p180x540_tt6&_nc_cat=100&ccb=1-7&_nc_sid=92e707&_nc_ohc=wMIFwjqugLkQ7kNvwGzyswR&_nc_oc=AdnhZNvEfb-asIyJNSaw7CT-XQUoq6qIYb3SzmA4_7s_cZaxcQ0coFx9AktSUFIKPz0aFZrRC8i0eg9dXhbZBpwf&_nc_zt=14&_nc_ht=scontent-den2-1.xx&_nc_gid=MB4NUlqYv0FnR9ZKJg1IKw&oh=00_AfiWuoYUdq8mpovt0C9aM4n692mZcOx7nccg5JaZBlScOg&oe=690EBC26,kg,,,TRUE,150.00,250.00,TRUE,150.00,250.00,active
bosch-30-electric-double-oven-in-kersey-co,"Bosch 30"" electric double oven in Kersey, CO","<p>Bosch 30"" electric double oven</p><p>Original Facebook Marketplace Listing: <a href=""https://www.facebook.com/marketplace/item/804614532326163/?ref=marketplace_profile&referral_code=undefined&__tn__=!%3AD"">https://www.facebook.com/marketplace/item/804614532326163/?ref=marketplace_profile&referral_code=undefined&__tn__=!%3AD</a></p><p>Location: Kersey, CO</p>",Facebook Marketplace,,,"marketplace, kersey,-co",TRUE,Title,"Bosch 30"" electric double oven in Kersey, CO",,,,,,0,shopify,1,deny,manual,300.00,600.00,TRUE,FALSE,,https://scontent-den2-1.xx.fbcdn.net/v/t39.84726-6/572095092_1558575675298744_1931010886745223575_n.jpg?stp=c0.322.526.526a_dst-jpg_p526x395_tt6&_nc_cat=110&ccb=1-7&_nc_sid=92e707&_nc_ohc=NKfe8aV8GiYQ7kNvwHjhvQ1&_nc_oc=AdmX-cI0VGjtDJOI8BBq4oYTaj4YvicH2DWV79sqpflTZEdNh8eQzyXckR5O_BO65MgG10YhjYW92pumYfEokNNQ&_nc_zt=14&_nc_ht=scontent-den2-1.xx&_nc_gid=MB4NUlqYv0FnR9ZKJg1IKw&oh=00_AfgDJu-snOyWDAvh5dymAbJ4sTWmuM_fx8UQrmfJl3dvAA&oe=690E982E,1,"Bosch 30"" electric double oven in Kersey, CO",FALSE,"Bosch 30"" electric double oven in Kersey, CO","Bosch 30"" electric double oven",,,,,used,,https://scontent-den2-1.xx.fbcdn.net/v/t39.84726-6/572095092_1558575675298744_1931010886745223575_n.jpg?stp=c0.322.526.526a_dst-jpg_p526x395_tt6&_nc_cat=110&ccb=1-7&_nc_sid=92e707&_nc_ohc=NKfe8aV8GiYQ7kNvwHjhvQ1&_nc_oc=AdmX-cI0VGjtDJOI8BBq4oYTaj4YvicH2DWV79sqpflTZEdNh8eQzyXckR5O_BO65MgG10YhjYW92pumYfEokNNQ&_nc_zt=14&_nc_ht=scontent-den2-1.xx&_nc_gid=MB4NUlqYv0FnR9ZKJg1IKw&oh=00_AfgDJu-snOyWDAvh5dymAbJ4sTWmuM_fx8UQrmfJl3dvAA&oe=690E982E,kg,,,TRUE,300.00,600.00,TRUE,300.00,600.00,active
used-white-kitchen-cabinets-in-kersey-co,"Used white kitchen cabinets. in Kersey, CO","<p>Used white kitchen cabinets.</p><p>Original Facebook Marketplace Listing: <a href=""https://www.facebook.com/marketplace/item/1101878935120359/?ref=marketplace_profile&referral_code=undefined&__tn__=!%3AD"">https://www.facebook.com/marketplace/item/1101878935120359/?ref=marketplace_profile&referral_code=undefined&__tn__=!%3AD</a></p><p>Location: Kersey, CO</p>",Facebook Marketplace,,,"marketplace, kersey,-co",TRUE,Title,"Used white kitchen cabinets. in Kersey, CO",,,,,,0,shopify,1,deny,manual,2900.00,4000.00,TRUE,FALSE,,https://scontent-den2-1.xx.fbcdn.net/v/t39.84726-6/571436233_1308169287704953_753024665009012339_n.jpg?stp=c0.322.526.526a_dst-jpg_p526x395_tt6&_nc_cat=100&ccb=1-7&_nc_sid=92e707&_nc_ohc=pZaaVj9ycPoQ7kNvwEzlIHD&_nc_oc=AdmOiqEKeUILZISQnL9pW3LNNfnM24uAvg7KrsvMTTvPzmFL5zhj7akmCOrh2IDXNe-FGpiP-Nzx_qfUmLKXXkxb&_nc_zt=14&_nc_ht=scontent-den2-1.xx&_nc_gid=MB4NUlqYv0FnR9ZKJg1IKw&oh=00_AfgD3A-XgiyTz7YDsPn7MhY2ckB2GTxPapDCLrszThIhOQ&oe=690EA2DC,1,"Used white kitchen cabinets. in Kersey, CO",FALSE,"Used white kitchen cabinets. in Kersey, CO",Used white kitchen cabinets.,,,,,used,,https://scontent-den2-1.xx.fbcdn.net/v/t39.84726-6/571436233_1308169287704953_753024665009012339_n.jpg?stp=c0.322.526.526a_dst-jpg_p526x395_tt6&_nc_cat=100&ccb=1-7&_nc_sid=92e707&_nc_ohc=pZaaVj9ycPoQ7kNvwEzlIHD&_nc_oc=AdmOiqEKeUILZISQnL9pW3LNNfnM24uAvg7KrsvMTTvPzmFL5zhj7akmCOrh2IDXNe-FGpiP-Nzx_qfUmLKXXkxb&_nc_zt=14&_nc_ht=scontent-den2-1.xx&_nc_gid=MB4NUlqYv0FnR9ZKJg1IKw&oh=00_AfgD3A-XgiyTz7YDsPn7MhY2ckB2GTxPapDCLrszThIhOQ&oe=690EA2DC,kg,,,TRUE,2900.00,4000.00,TRUE,2900.00,4000.00,active
grey-and-white-kitchen-cabinets-in-kersey-co,"Grey and white kitchen cabinets in Kersey, CO","<p>Grey and white kitchen cabinets</p><p>Original Facebook Marketplace Listing: <a href=""https://www.facebook.com/marketplace/item/829871676198030/?ref=marketplace_profile&referral_code=undefined&__tn__=!%3AD"">https://www.facebook.com/marketplace/item/829871676198030/?ref=marketplace_profile&referral_code=undefined&__tn__=!%3AD</a></p><p>Location: Kersey, CO</p>",Facebook Marketplace,,,"marketplace, kersey,-co",TRUE,Title,"Grey and white kitchen cabinets in Kersey, CO",,,,,,0,shopify,1,deny,manual,600.00,800.00,TRUE,FALSE,,https://scontent-den2-1.xx.fbcdn.net/v/t39.84726-6/571356306_1120961639773360_4215650645777035907_n.jpg?stp=c0.86.526.526a_dst-jpg_p526x395_tt6&_nc_cat=101&ccb=1-7&_nc_sid=92e707&_nc_ohc=Cm9pnMl1I2AQ7kNvwGC2zl-&_nc_oc=AdkFOPpo9WvSPQJLLlCsNP_-6x1KtNWT7AozqGBN06kuW8hYUYJJadZwwmkdO1t-JUFH4sgcOAFe4vkvaKIJBhOW&_nc_zt=14&_nc_ht=scontent-den2-1.xx&_nc_gid=MB4NUlqYv0FnR9ZKJg1IKw&oh=00_AfiGI_mCvBTQ-wjnhu8klEmpGdYV0GvAzwqR-XDVOXqZ-g&oe=690EA92C,1,"Grey and white kitchen cabinets in Kersey, CO",FALSE,"Grey and white kitchen cabinets in Kersey, CO",Grey and white kitchen cabinets,,,,,used,,https://scontent-den2-1.xx.fbcdn.net/v/t39.84726-6/571356306_1120961639773360_4215650645777035907_n.jpg?stp=c0.86.526.526a_dst-jpg_p526x395_tt6&_nc_cat=101&ccb=1-7&_nc_sid=92e707&_nc_ohc=Cm9pnMl1I2AQ7kNvwGC2zl-&_nc_oc=AdkFOPpo9WvSPQJLLlCsNP_-6x1KtNWT7AozqGBN06kuW8hYUYJJadZwwmkdO1t-JUFH4sgcOAFe4vkvaKIJBhOW&_nc_zt=14&_nc_ht=scontent-den2-1.xx&_nc_gid=MB4NUlqYv0FnR9ZKJg1IKw&oh=00_AfiGI_mCvBTQ-wjnhu8klEmpGdYV0GvAzwqR-XDVOXqZ-g&oe=690EA92C,kg,,,TRUE,600.00,800.00,TRUE,600.00,800.00,active
black-copacabana-granite-quartz-table-or-countertop-in-kersey-co,"Black Copacabana granite / quartz table or countertop. in Kersey, CO","<p>Black Copacabana granite / quartz table or countertop.</p><p>Original Facebook Marketplace Listing: <a href=""https://www.facebook.com/marketplace/item/1165530898858267/?ref=marketplace_profile&referral_code=undefined&__tn__=!%3AD"">https://www.facebook.com/marketplace/item/1165530898858267/?ref=marketplace_profile&referral_code=undefined&__tn__=!%3AD</a></p><p>Location: Kersey, CO</p>",Facebook Marketplace,,,"marketplace, kersey,-co",TRUE,Title,"Black Copacabana granite / quartz table or countertop. in Kersey, CO",,,,,,0,shopify,1,deny,manual,900.00,2400.00,TRUE,FALSE,,https://scontent-den2-1.xx.fbcdn.net/v/t39.84726-6/571150451_1880326802522836_3816456036219021557_n.jpg?stp=c0.249.526.526a_dst-jpg_p526x395_tt6&_nc_cat=110&ccb=1-7&_nc_sid=92e707&_nc_ohc=VQ_mrC_Ib0wQ7kNvwGSGhF_&_nc_oc=AdkPszItmYYDxC4Jf4lSgk9fpkQObQ3-LriJvbNSyZRWd_4LwfbTc0w1tshtA_Blodr0aF_duRjxFsMbBnwEsC6s&_nc_zt=14&_nc_ht=scontent-den2-1.xx&_nc_gid=MB4NUlqYv0FnR9ZKJg1IKw&oh=00_AfgMPDRqMjlKQdDp_DZWY2meJIogh8z6PLPcP-5Nqx7r8g&oe=690EB227,1,"Black Copacabana granite / quartz table or countertop. in Kersey, CO",FALSE,"Black Copacabana granite / quartz table or countertop. in Kersey, CO",Black Copacabana granite / quartz table or countertop.,,,,,used,,https://scontent-den2-1.xx.fbcdn.net/v/t39.84726-6/571150451_1880326802522836_3816456036219021557_n.jpg?stp=c0.249.526.526a_dst-jpg_p526x395_tt6&_nc_cat=110&ccb=1-7&_nc_sid=92e707&_nc_ohc=VQ_mrC_Ib0wQ7kNvwGSGhF_&_nc_oc=AdkPszItmYYDxC4Jf4lSgk9fpkQObQ3-LriJvbNSyZRWd_4LwfbTc0w1tshtA_Blodr0aF_duRjxFsMbBnwEsC6s&_nc_zt=14&_nc_ht=scontent-den2-1.xx&_nc_gid=MB4NUlqYv0FnR9ZKJg1IKw&oh=00_AfgMPDRqMjlKQdDp_DZWY2meJIogh8z6PLPcP-5Nqx7r8g&oe=690EB227,kg,,,TRUE,900.00,2400.00,TRUE,900.00,2400.00,active
sub-zero-french-door-fridge-freezer-in-kersey-co,"Sub zero French door fridge & freezer in Kersey, CO","<p>Sub zero French door fridge & freezer</p><p>Original Facebook Marketplace Listing: <a href=""https://www.facebook.com/marketplace/item/2327824604343868/?ref=marketplace_profile&referral_code=undefined&__tn__=!%3AD"">https://www.facebook.com/marketplace/item/2327824604343868/?ref=marketplace_profile&referral_code=undefined&__tn__=!%3AD</a></p><p>Location: Kersey, CO</p>",Facebook Marketplace,,,"marketplace, kersey,-co",TRUE,Title,"Sub zero French door fridge & freezer in Kersey, CO",,,,,,0,shopify,1,deny,manual,600.00,,TRUE,FALSE,,https://scontent-den2-1.xx.fbcdn.net/v/t39.84726-6/571425667_1140025484861229_6714564190651112267_n.jpg?stp=c0.87.526.526a_dst-jpg_p526x395_tt6&_nc_cat=110&ccb=1-7&_nc_sid=92e707&_nc_ohc=4KGVuzOyCNcQ7kNvwGQXOeb&_nc_oc=Admc00NEuKpRkR2GX9h8uTRdAN_IOEJoCyzYXIJ3RxjqGN3Tk0VVXfyJMjsNSE83Mt02ZJXzvqKfb4Go4Wm9rlno&_nc_zt=14&_nc_ht=scontent-den2-1.xx&_nc_gid=MB4NUlqYv0FnR9ZKJg1IKw&oh=00_AfidFdEydCyGgD0HpklrTaxxyICvzU0Hwsiklcxelrn-3w&oe=690EB12E,1,"Sub zero French door fridge & freezer in Kersey, CO",FALSE,"Sub zero French door fridge & freezer in Kersey, CO",Sub zero French door fridge & freezer,,,,,used,,https://scontent-den2-1.xx.fbcdn.net/v/t39.84726-6/571425667_1140025484861229_6714564190651112267_n.jpg?stp=c0.87.526.526a_dst-jpg_p526x395_tt6&_nc_cat=110&ccb=1-7&_nc_sid=92e707&_nc_ohc=4KGVuzOyCNcQ7kNvwGQXOeb&_nc_oc=Admc00NEuKpRkR2GX9h8uTRdAN_IOEJoCyzYXIJ3RxjqGN3Tk0VVXfyJMjsNSE83Mt02ZJXzvqKfb4Go4Wm9rlno&_nc_zt=14&_nc_ht=scontent-den2-1.xx&_nc_gid=MB4NUlqYv0FnR9ZKJg1IKw&oh=00_AfidFdEydCyGgD0HpklrTaxxyICvzU0Hwsiklcxelrn-3w&oe=690EB12E,kg,,,TRUE,600.00,,TRUE,600.00,,active
grey-kitchen-cabinets-in-kersey-co,"Grey kitchen cabinets in Kersey, CO","<p>Grey kitchen cabinets</p><p>Original Facebook Marketplace Listing: <a href=""https://www.facebook.com/marketplace/item/24671676949164245/?ref=marketplace_profile&referral_code=undefined&__tn__=!%3AD"">https://www.facebook.com/marketplace/item/24671676949164245/?ref=marketplace_profile&referral_code=undefined&__tn__=!%3AD</a></p><p>Location: Kersey, CO</p>",Facebook Marketplace,,,"marketplace, kersey,-co",TRUE,Title,"Grey kitchen cabinets in Kersey, CO",,,,,,0,shopify,1,deny,manual,600.00,900.00,TRUE,FALSE,,https://scontent-den2-1.xx.fbcdn.net/v/t39.84726-6/571357588_1806920710216064_8800203996886446185_n.jpg?stp=c88.0.540.540a_dst-jpg_p180x540_tt6&_nc_cat=109&ccb=1-7&_nc_sid=92e707&_nc_ohc=zlsZp9AS-50Q7kNvwEqTorl&_nc_oc=AdnCb3Cfe9zFXuVk5Oy5WfR0iSRrH7TrIl6GWGe-eX20gAoLXicifAizu3dPvMPlg3s9314gKeMFH859AT63XwwV&_nc_zt=14&_nc_ht=scontent-den2-1.xx&_nc_gid=MB4NUlqYv0FnR9ZKJg1IKw&oh=00_AfiIuRKq4hdgW6vWHO1KygTnAohHA-km1yfTpIcvXcuRNw&oe=690EC9B1,1,"Grey kitchen cabinets in Kersey, CO",FALSE,"Grey kitchen cabinets in Kersey, CO",Grey kitchen cabinets,,,,,used,,https://scontent-den2-1.xx.fbcdn.net/v/t39.84726-6/571357588_1806920710216064_8800203996886446185_n.jpg?stp=c88.0.540.540a_dst-jpg_p180x540_tt6&_nc_cat=109&ccb=1-7&_nc_sid=92e707&_nc_ohc=zlsZp9AS-50Q7kNvwEqTorl&_nc_oc=AdnCb3Cfe9zFXuVk5Oy5WfR0iSRrH7TrIl6GWGe-eX20gAoLXicifAizu3dPvMPlg3s9314gKeMFH859AT63XwwV&_nc_zt=14&_nc_ht=scontent-den2-1.xx&_nc_gid=MB4NUlqYv0FnR9ZKJg1IKw&oh=00_AfiIuRKq4hdgW6vWHO1KygTnAohHA-km1yfTpIcvXcuRNw&oe=690EC9B1,kg,,,TRUE,600.00,900.00,TRUE,600.00,900.00,active
bathroom-single-sink-vanities-pedestal-sinks-in-kersey-co,"Bathroom single sink vanities, pedestal sinks in Kersey, CO","<p>Bathroom single sink vanities, pedestal sinks</p><p>Original Facebook Marketplace Listing: <a href=""https://www.facebook.com/marketplace/item/671881829042868/?ref=marketplace_profile&referral_code=undefined&__tn__=!%3AD"">https://www.facebook.com/marketplace/item/671881829042868/?ref=marketplace_profile&referral_code=undefined&__tn__=!%3AD</a></p><p>Location: Kersey, CO</p>",Facebook Marketplace,,,"marketplace, kersey,-co",TRUE,Title,"Bathroom single sink vanities, pedestal sinks in Kersey, CO",,,,,,0,shopify,1,deny,manual,50.00,,TRUE,FALSE,,https://scontent-den2-1.xx.fbcdn.net/v/t39.84726-6/574089074_1372781541303285_4996355656030311541_n.jpg?stp=c0.322.526.526a_dst-jpg_p526x395_tt6&_nc_cat=104&ccb=1-7&_nc_sid=92e707&_nc_ohc=0UfSSjhBJvgQ7kNvwEPkCHM&_nc_oc=AdnbP-chZJV494i99kCaEdbQcwE3xWlB2oVbLJIDytKtfa8NZ9PysFfoKH2rxmgSpu1YoAN5ou2PsmRmvQ6xYQVw&_nc_zt=14&_nc_ht=scontent-den2-1.xx&_nc_gid=MB4NUlqYv0FnR9ZKJg1IKw&oh=00_AfjFSEKDWNv48B_okjwV5Y-i8HsI9ceXb83YyJK7tBkuIA&oe=690EA10E,1,"Bathroom single sink vanities, pedestal sinks in Kersey, CO",FALSE,"Bathroom single sink vanities, pedestal sinks in Kersey, CO","Bathroom single sink vanities, pedestal sinks",,,,,used,,https://scontent-den2-1.xx.fbcdn.net/v/t39.84726-6/574089074_1372781541303285_4996355656030311541_n.jpg?stp=c0.322.526.526a_dst-jpg_p526x395_tt6&_nc_cat=104&ccb=1-7&_nc_sid=92e707&_nc_ohc=0UfSSjhBJvgQ7kNvwEPkCHM&_nc_oc=AdnbP-chZJV494i99kCaEdbQcwE3xWlB2oVbLJIDytKtfa8NZ9PysFfoKH2rxmgSpu1YoAN5ou2PsmRmvQ6xYQVw&_nc_zt=14&_nc_ht=scontent-den2-1.xx&_nc_gid=MB4NUlqYv0FnR9ZKJg1IKw&oh=00_AfjFSEKDWNv48B_okjwV5Y-i8HsI9ceXb83YyJK7tBkuIA&oe=690EA10E,kg,,,TRUE,50.00,,TRUE,50.00,,active
french-glass-door-set-in-kersey-co,"French glass door set in Kersey, CO","<p>French glass door set</p><p>Original Facebook Marketplace Listing: <a href=""https://www.facebook.com/marketplace/item/612838085157525/?ref=marketplace_profile&referral_code=undefined&__tn__=!%3AD"">https://www.facebook.com/marketplace/item/612838085157525/?ref=marketplace_profile&referral_code=undefined&__tn__=!%3AD</a></p><p>Location: Kersey, CO</p>",Facebook Marketplace,,,"marketplace, kersey,-co",TRUE,Title,"French glass door set in Kersey, CO",,,,,,0,shopify,1,deny,manual,200.00,,TRUE,FALSE,,https://scontent-den2-1.xx.fbcdn.net/v/t39.84726-6/568950944_789066520670037_8796563388905794118_n.jpg?stp=c0.204.526.526a_dst-jpg_p526x395_tt6&_nc_cat=110&ccb=1-7&_nc_sid=92e707&_nc_ohc=IBEcHWpfIKoQ7kNvwFj5nSA&_nc_oc=AdkkcMVDd1uv4NmoqLxexegQRNYKsUNVsPAVyOcR3kLbOZmi9TOWKKcgdZZYARPK-3Bfey2GEMymOd3WLLh-UZDd&_nc_zt=14&_nc_ht=scontent-den2-1.xx&_nc_gid=wpGoU_3bnoOxiIEe0I__9g&oh=00_AfiIVbWDYd85WgPoxcFb1SHxEEq82X1pMim6QnWTIkZLuQ&oe=690E9D30,1,"French glass door set in Kersey, CO",FALSE,"French glass door set in Kersey, CO",French glass door set,,,,,used,,https://scontent-den2-1.xx.fbcdn.net/v/t39.84726-6/568950944_789066520670037_8796563388905794118_n.jpg?stp=c0.204.526.526a_dst-jpg_p526x395_tt6&_nc_cat=110&ccb=1-7&_nc_sid=92e707&_nc_ohc=IBEcHWpfIKoQ7kNvwFj5nSA&_nc_oc=AdkkcMVDd1uv4NmoqLxexegQRNYKsUNVsPAVyOcR3kLbOZmi9TOWKKcgdZZYARPK-3Bfey2GEMymOd3WLLh-UZDd&_nc_zt=14&_nc_ht=scontent-den2-1.xx&_nc_gid=wpGoU_3bnoOxiIEe0I__9g&oh=00_AfiIVbWDYd85WgPoxcFb1SHxEEq82X1pMim6QnWTIkZLuQ&oe=690E9D30,kg,,,TRUE,200.00,,TRUE,200.00,,active
vanity-cabinets-63-in-kersey-co,"Vanity cabinets 63"" in Kersey, CO","<p>Vanity cabinets 63""</p><p>Original Facebook Marketplace Listing: <a href=""https://www.facebook.com/marketplace/item/1344453437355723/?ref=marketplace_profile&referral_code=undefined&__tn__=!%3AD"">https://www.facebook.com/marketplace/item/1344453437355723/?ref=marketplace_profile&referral_code=undefined&__tn__=!%3AD</a></p><p>Location: Kersey, CO</p>",Facebook Marketplace,,,"marketplace, kersey,-co",TRUE,Title,"Vanity cabinets 63"" in Kersey, CO",,,,,,0,shopify,1,deny,manual,50.00,,TRUE,FALSE,,https://scontent-den2-1.xx.fbcdn.net/v/t39.84726-6/571139878_658124580502665_3707104351670518273_n.jpg?stp=c88.0.540.540a_dst-jpg_p180x540_tt6&_nc_cat=100&ccb=1-7&_nc_sid=92e707&_nc_ohc=63Np42DOfhMQ7kNvwHNVIHi&_nc_oc=AdmUm6EIqnK-k_oad5lWvWI1dvuZZuCokpCsSz63LjUxQzl748s53QQeh8HPW3wjfLDKYST_Z_NAax5Zb4kIq5O3&_nc_zt=14&_nc_ht=scontent-den2-1.xx&_nc_gid=wpGoU_3bnoOxiIEe0I__9g&oh=00_AfgH9J7XXJKTxXYBMtSgSmzVEiPXAU4fpncne6MrdqfdVg&oe=690EA40C,1,"Vanity cabinets 63"" in Kersey, CO",FALSE,"Vanity cabinets 63"" in Kersey, CO","Vanity cabinets 63""",,,,,used,,https://scontent-den2-1.xx.fbcdn.net/v/t39.84726-6/571139878_658124580502665_3707104351670518273_n.jpg?stp=c88.0.540.540a_dst-jpg_p180x540_tt6&_nc_cat=100&ccb=1-7&_nc_sid=92e707&_nc_ohc=63Np42DOfhMQ7kNvwHNVIHi&_nc_oc=AdmUm6EIqnK-k_oad5lWvWI1dvuZZuCokpCsSz63LjUxQzl748s53QQeh8HPW3wjfLDKYST_Z_NAax5Zb4kIq5O3&_nc_zt=14&_nc_ht=scontent-den2-1.xx&_nc_gid=wpGoU_3bnoOxiIEe0I__9g&oh=00_AfgH9J7XXJKTxXYBMtSgSmzVEiPXAU4fpncne6MrdqfdVg&oe=690EA40C,kg,,,TRUE,50.00,,TRUE,50.00,,active
antique-secretary-desk-cabinet-in-kersey-co,"Antique secretary desk / cabinet in Kersey, CO","<p>Antique secretary desk / cabinet</p><p>Original Facebook Marketplace Listing: <a href=""https://www.facebook.com/marketplace/item/827616403517529/?ref=marketplace_profile&referral_code=undefined&__tn__=!%3AD"">https://www.facebook.com/marketplace/item/827616403517529/?ref=marketplace_profile&referral_code=undefined&__tn__=!%3AD</a></p><p>Location: Kersey, CO</p>",Facebook Marketplace,,,"marketplace, kersey,-co",TRUE,Title,"Antique secretary desk / cabinet in Kersey, CO",,,,,,0,shopify,1,deny,manual,150.00,,TRUE,FALSE,,https://scontent-den2-1.xx.fbcdn.net/v/t39.84726-6/574444658_1479053409985435_5733281686744792856_n.jpg?stp=c0.259.526.526a_dst-jpg_p526x395_tt6&_nc_cat=109&ccb=1-7&_nc_sid=92e707&_nc_ohc=vOIccTA-z78Q7kNvwFIuub_&_nc_oc=AdkDhEwm3yUHTnK6sfocs7jK5qkj9E8GtP6hFLZUc99w-0wtZJ29AZevxY1YDiJwb75W4-1_id63Hxrvc6b7Rpcw&_nc_zt=14&_nc_ht=scontent-den2-1.xx&_nc_gid=wpGoU_3bnoOxiIEe0I__9g&oh=00_AfiViBTikUKJ39OBCVcekA2Agduzc2ZN1hFxY-BzMyAr6w&oe=690EA958,1,"Antique secretary desk / cabinet in Kersey, CO",FALSE,"Antique secretary desk / cabinet in Kersey, CO",Antique secretary desk / cabinet,,,,,used,,https://scontent-den2-1.xx.fbcdn.net/v/t39.84726-6/574444658_1479053409985435_5733281686744792856_n.jpg?stp=c0.259.526.526a_dst-jpg_p526x395_tt6&_nc_cat=109&ccb=1-7&_nc_sid=92e707&_nc_ohc=vOIccTA-z78Q7kNvwFIuub_&_nc_oc=AdkDhEwm3yUHTnK6sfocs7jK5qkj9E8GtP6hFLZUc99w-0wtZJ29AZevxY1YDiJwb75W4-1_id63Hxrvc6b7Rpcw&_nc_zt=14&_nc_ht=scontent-den2-1.xx&_nc_gid=wpGoU_3bnoOxiIEe0I__9g&oh=00_AfiViBTikUKJ39OBCVcekA2Agduzc2ZN1hFxY-BzMyAr6w&oe=690EA958,kg,,,TRUE,150.00,,TRUE,150.00,,active
ethan-allen-desk-and-dresser-bookcase-in-kersey-co,"Ethan Allen desk and dresser / bookcase in Kersey, CO","<p>Ethan Allen desk and dresser / bookcase</p><p>Original Facebook Marketplace Listing: <a href=""https://www.facebook.com/marketplace/item/656303474026159/?ref=marketplace_profile&referral_code=undefined&__tn__=!%3AD"">https://www.facebook.com/marketplace/item/656303474026159/?ref=marketplace_profile&referral_code=undefined&__tn__=!%3AD</a></p><p>Location: Kersey, CO</p>",Facebook Marketplace,,,"marketplace, kersey,-co",TRUE,Title,"Ethan Allen desk and dresser / bookcase in Kersey, CO",,,,,,0,shopify,1,deny,manual,50.00,,TRUE,FALSE,,https://scontent-den2-1.xx.fbcdn.net/v/t39.84726-6/569031115_1497535948126191_6956861813912632507_n.jpg?stp=c0.52.526.526a_dst-jpg_p526x395_tt6&_nc_cat=103&ccb=1-7&_nc_sid=92e707&_nc_ohc=CU6XObuYGVsQ7kNvwEbai0Y&_nc_oc=AdllYK_IHxXbhNBU6ihqk2h-iyeQhKJGfJYy4WuNIeKXi-HZVe-9fRh__p7D4xBuyQpWFDMtmmUl3q8EH4f8Xmh9&_nc_zt=14&_nc_ht=scontent-den2-1.xx&_nc_gid=wpGoU_3bnoOxiIEe0I__9g&oh=00_AfgA_UWoWRMm7z114USPesh210zIf-1gYihkUjhfOPMovA&oe=690E94A2,1,"Ethan Allen desk and dresser / bookcase in Kersey, CO",FALSE,"Ethan Allen desk and dresser / bookcase in Kersey, CO",Ethan Allen desk and dresser / bookcase,,,,,used,,https://scontent-den2-1.xx.fbcdn.net/v/t39.84726-6/569031115_1497535948126191_6956861813912632507_n.jpg?stp=c0.52.526.526a_dst-jpg_p526x395_tt6&_nc_cat=103&ccb=1-7&_nc_sid=92e707&_nc_ohc=CU6XObuYGVsQ7kNvwEbai0Y&_nc_oc=AdllYK_IHxXbhNBU6ihqk2h-iyeQhKJGfJYy4WuNIeKXi-HZVe-9fRh__p7D4xBuyQpWFDMtmmUl3q8EH4f8Xmh9&_nc_zt=14&_nc_ht=scontent-den2-1.xx&_nc_gid=wpGoU_3bnoOxiIEe0I__9g&oh=00_AfgA_UWoWRMm7z114USPesh210zIf-1gYihkUjhfOPMovA&oe=690E94A2,kg,,,TRUE,50.00,,TRUE,50.00,,active
china-hutch-cabinet-in-kersey-co,"China hutch cabinet. in Kersey, CO","<p>China hutch cabinet.</p><p>Original Facebook Marketplace Listing: <a href=""https://www.facebook.com/marketplace/item/2329844170780633/?ref=marketplace_profile&referral_code=undefined&__tn__=!%3AD"">https://www.facebook.com/marketplace/item/2329844170780633/?ref=marketplace_profile&referral_code=undefined&__tn__=!%3AD</a></p><p>Location: Kersey, CO</p>",Facebook Marketplace,,,"marketplace, kersey,-co",TRUE,Title,"China hutch cabinet. in Kersey, CO",,,,,,0,shopify,1,deny,manual,75.00,,TRUE,FALSE,,https://scontent-den2-1.xx.fbcdn.net/v/t39.84726-6/571574470_1799015600741354_7745891686740127141_n.jpg?stp=c0.86.526.526a_dst-jpg_p526x395_tt6&_nc_cat=109&ccb=1-7&_nc_sid=92e707&_nc_ohc=xt3A_Cp4-UgQ7kNvwHI2OXp&_nc_oc=Adl0v1zM5XEt3SyvmFBvhIuGmtailBc-8h7okupSvIrAEixLCXAR_gatvSxwNFeqtIJqMVPu-tZdMVHP2VQZht65&_nc_zt=14&_nc_ht=scontent-den2-1.xx&_nc_gid=wpGoU_3bnoOxiIEe0I__9g&oh=00_AfjZt-9uHYhZYcOK0kcPTjbkdTGPq2gm20rmqcP9EoJtVg&oe=690E9ABC,1,"China hutch cabinet. in Kersey, CO",FALSE,"China hutch cabinet. in Kersey, CO",China hutch cabinet.,,,,,used,,https://scontent-den2-1.xx.fbcdn.net/v/t39.84726-6/571574470_1799015600741354_7745891686740127141_n.jpg?stp=c0.86.526.526a_dst-jpg_p526x395_tt6&_nc_cat=109&ccb=1-7&_nc_sid=92e707&_nc_ohc=xt3A_Cp4-UgQ7kNvwHI2OXp&_nc_oc=Adl0v1zM5XEt3SyvmFBvhIuGmtailBc-8h7okupSvIrAEixLCXAR_gatvSxwNFeqtIJqMVPu-tZdMVHP2VQZht65&_nc_zt=14&_nc_ht=scontent-den2-1.xx&_nc_gid=wpGoU_3bnoOxiIEe0I__9g&oh=00_AfjZt-9uHYhZYcOK0kcPTjbkdTGPq2gm20rmqcP9EoJtVg&oe=690E9ABC,kg,,,TRUE,75.00,,TRUE,75.00,,active
solar-panels-multiple-sizes-in-kersey-co,"Solar panels / multiple sizes in Kersey, CO","<p>Solar panels / multiple sizes</p><p>Original Facebook Marketplace Listing: <a href=""https://www.facebook.com/marketplace/item/1305927344100859/?ref=marketplace_profile&referral_code=undefined&__tn__=!%3AD"">https://www.facebook.com/marketplace/item/1305927344100859/?ref=marketplace_profile&referral_code=undefined&__tn__=!%3AD</a></p><p>Location: Kersey, CO</p>",Facebook Marketplace,,,"marketplace, kersey,-co",TRUE,Title,"Solar panels / multiple sizes in Kersey, CO",,,,,,0,shopify,1,deny,manual,25.00,,TRUE,FALSE,,https://scontent-den2-1.xx.fbcdn.net/v/t39.84726-6/571320723_1389529836144739_5474027549607249319_n.jpg?stp=c90.0.540.540a_dst-jpg_p180x540_tt6&_nc_cat=105&ccb=1-7&_nc_sid=92e707&_nc_ohc=RQpf-SwmRi8Q7kNvwFowMTU&_nc_oc=Adn4H6vu1Xl1z5lFbDJ3ZfRMbl4ATIt1zW3sKtFLCW7yUBfaku5soheTDBLmjVt-YNs-iWFURS4oP8_G7EAoYMRp&_nc_zt=14&_nc_ht=scontent-den2-1.xx&_nc_gid=wpGoU_3bnoOxiIEe0I__9g&oh=00_Afj1wnV2qYUWYaFByDDFJuDC_y5ca56jKlZWxXHzvkL5hA&oe=690E9906,1,"Solar panels / multiple sizes in Kersey, CO",FALSE,"Solar panels / multiple sizes in Kersey, CO",Solar panels / multiple sizes,,,,,used,,https://scontent-den2-1.xx.fbcdn.net/v/t39.84726-6/571320723_1389529836144739_5474027549607249319_n.jpg?stp=c90.0.540.540a_dst-jpg_p180x540_tt6&_nc_cat=105&ccb=1-7&_nc_sid=92e707&_nc_ohc=RQpf-SwmRi8Q7kNvwFowMTU&_nc_oc=Adn4H6vu1Xl1z5lFbDJ3ZfRMbl4ATIt1zW3sKtFLCW7yUBfaku5soheTDBLmjVt-YNs-iWFURS4oP8_G7EAoYMRp&_nc_zt=14&_nc_ht=scontent-den2-1.xx&_nc_gid=wpGoU_3bnoOxiIEe0I__9g&oh=00_Afj1wnV2qYUWYaFByDDFJuDC_y5ca56jKlZWxXHzvkL5hA&oe=690E9906,kg,,,TRUE,25.00,,TRUE,25.00,,active